{
  "n_scenarios": 30,
  "curve": {
    "Random": {
      "8.0": 14.133333333333333,
      "12.0": 32.733333333333334,
      "20.0": 81.5
    },
    "Heuristic": {
      "8.0": 4.3,
      "12.0": 8.5,
      "20.0": 22.1
    },
    "MLHeuristic": {
      "8.0": 3.7,
      "12.0": 7.733333333333333,
      "20.0": 21.833333333333332
    },
    "PPO": {
      "8.0": 1.8,
      "12.0": 4.133333333333334,
      "20.0": 42.9
    }
  }
}