{
  "4.0": {
    "PPO": {
      "reh": 0.9,
      "reh_std": 0.6617635789938568,
      "cra": 9658.45,
      "fill": 0.35069444444444436
    },
    "Heuristic": {
      "reh": 1.0333333333333334,
      "reh_std": 0.8502873077655143,
      "cra": 7792.3,
      "fill": 0.35069444444444436
    },
    "MLHeuristic": {
      "reh": 1.0,
      "reh_std": 0.7878385971583354,
      "cra": 9449.9,
      "fill": 0.35069444444444436
    },
    "Random": {
      "reh": 3.933333333333333,
      "reh_std": 2.333169123942698,
      "cra": 12693.65,
      "fill": 0.35069444444444436
    }
  },
  "6.0": {
    "PPO": {
      "reh": 1.4666666666666666,
      "reh_std": 1.0416609195243756,
      "cra": 15641.1,
      "fill": 0.3799189814814815
    },
    "Heuristic": {
      "reh": 2.433333333333333,
      "reh_std": 1.1651056880677462,
      "cra": 12103.05,
      "fill": 0.3799189814814815
    },
    "MLHeuristic": {
      "reh": 2.033333333333333,
      "reh_std": 1.0980651740387641,
      "cra": 14566.9,
      "fill": 0.3799189814814815
    },
    "Random": {
      "reh": 10.166666666666666,
      "reh_std": 4.4495899333211195,
      "cra": 19872.65,
      "fill": 0.3799189814814815
    }
  },
  "8.0": {
    "PPO": {
      "reh": 3.1333333333333333,
      "reh_std": 2.208655907908751,
      "cra": 21646.8,
      "fill": 0.4190972222222222
    },
    "Heuristic": {
      "reh": 4.266666666666667,
      "reh_std": 1.892513988165556,
      "cra": 16385.85,
      "fill": 0.4190972222222222
    },
    "MLHeuristic": {
      "reh": 3.566666666666667,
      "reh_std": 2.0288154065914887,
      "cra": 19459.25,
      "fill": 0.4190972222222222
    },
    "Random": {
      "reh": 15.233333333333333,
      "reh_std": 5.0561218157884555,
      "cra": 26278.4,
      "fill": 0.4190972222222222
    }
  },
  "12.0": {
    "PPO": {
      "reh": 10.4,
      "reh_std": 5.130033272729364,
      "cra": 35675.0,
      "fill": 0.5017361111111112
    },
    "Heuristic": {
      "reh": 8.566666666666666,
      "reh_std": 3.0926312124293047,
      "cra": 26525.05,
      "fill": 0.5017939814814816
    },
    "MLHeuristic": {
      "reh": 8.033333333333333,
      "reh_std": 2.906394060822037,
      "cra": 29732.75,
      "fill": 0.5017939814814816
    },
    "Random": {
      "reh": 32.666666666666664,
      "reh_std": 8.738868124188281,
      "cra": 40920.95,
      "fill": 0.5017361111111112
    }
  },
  "20.0": {
    "PPO": {
      "reh": 56.96666666666667,
      "reh_std": 19.959412840049687,
      "cra": 66905.1,
      "fill": 0.6504629629629631
    },
    "Heuristic": {
      "reh": 22.2,
      "reh_std": 6.477547428591717,
      "cra": 51820.5,
      "fill": 0.6537615740740741
    },
    "MLHeuristic": {
      "reh": 23.033333333333335,
      "reh_std": 6.4245398779739995,
      "cra": 53746.1,
      "fill": 0.6536458333333334
    },
    "Random": {
      "reh": 84.7,
      "reh_std": 18.29669274806902,
      "cra": 70893.9,
      "fill": 0.650289351851852
    }
  }
}